<!-- This model was created online using SPLOT's Feature Model Editor (http://www.splot-research.org) on Tue, Jun 1, 2010 - 3:11 AM  -->
<feature_model name="Insurance Policy">
<meta>
<data name="description">Insurance Policy system</data>
<data name="creator">Adeel</data>
<data name="address"></data>
<data name="email">adeeltalib@hotmail.com</data>
<data name="phone"></data>
<data name="website"></data>
<data name="organization">Swinburne University of Technology</data>
<data name="department"></data>
<data name="date"></data>
<data name="reference"></data>
</meta>
<feature_tree>
:r Insurance Policy(_r)
	:m LOB(_r_1)
		:g (_r_1_11) [1,*] 
			: Auto(_r_1_11_12)
				:g (_r_1_11_12_15) [1,*] 
					: Comprehensive(_r_1_11_12_15_16)
					: TP(_r_1_11_12_15_17)
			: Home(_r_1_11_13)
			: commercial(_r_1_11_14)
			: watercraft(_r_1_11_22)
	:m Financials(_r_2)
	:m Reporting(_r_3)
	:o Third Party Services(_r_4)
		:o Add. Validation(_r_4_5)
		:o VIN Validation(_r_4_6)
		:o Credit Check(_r_4_7)
			:g (_r_4_7_8) [1,1] 
				: simple(_r_4_7_8_9)
				: advanced(_r_4_7_8_10)
	:m Data Capture(_r_18)
		:m client data(_r_18_19)
		:o car details(_r_18_20)
		:o house details(_r_18_21)
	:m U/W(_r_22)
		:m decision(_r_22_23)
</feature_tree>
<constraints>
constraint_1:_r_1_11_12_15_16 or _r_18_19 or _r_18_20
constraint_2:_r_1_11_12_15_17 or _r_1_11_22
</constraints>
</feature_model>
